[
   {
      "id": "9dc6ea2d-46d8-45e8-ace1-e101b68af8ad",
      "moduleClass": "com.hal.osh.insite.producer.InsitePublisherModule",
      "name": "New InSite Publisher Module",
      "autoStart": true,
      "databusKey": "EdgeOutbound",
      "mqttServerAddress": "tcp://edge-connectors_mqtt:1883",
      "insiteBridgeName": "Local",
      "usePrimaryInsiteBridge": true,
      "record": "SWT_OilLine1",
      "descriptor": "EDB Write Data",
      "isWellBased": false,
      "useMqttEnv": true,
      "variables": [
         {
            "variableName": "SWT_OilRate1Cor",
            "outputSignalKey": "FlowRate",
            "outUnitMeasure": "MEASURE_gpm",
            "outUnitClass": "CLASS_flowrate"
         }
      ]
   },   
      {
         "id": "dd3049a8-e4ab-476e-9dd8-f0708e4a4195",
         "moduleClass": "com.hal.osh.insite.consumer.InsiteSensorModule",
         "name": "New Insite Sensor Module",
         "autoStart": true,
         "databusKey": "EdgeInbound",
         "mqttServerAddress": "tcp://edge-connectors_mqtt:1883",
         "insiteBridgeName": "Local",
         "usePrimaryInsiteBridge": true,
         "record": "SWT_OilLine1",
         "descriptor": "EDB Read Data",
         "isWellBased": false,
         "useMqttEnv": true,
         "variables": [
            {
               "variableName": "SWT_OilRate1Cor",
               "signalKey": "FlowRate",
               "inUnitMeasure": "MEASURE_unitless",
               "unitClass": "CLASS_none"
            }
         ]
      }
   ]